"Time","Q"
2015-01-01,136.7321345
2015-01-02,158.7323552
2015-01-03,160.5705275
2015-01-04,154.5014875
2015-01-05,165.0579053
2015-01-06,169.7478525
2015-01-07,168.0122887
2015-01-08,169.259513
2015-01-09,174.3095934
2015-01-10,173.5984534
2015-01-11,163.9602909
2015-01-12,170.9824193
2015-01-13,172.5938853
2015-01-14,174.4110758
2015-01-15,174.5900383
2015-01-16,169.9280539
2015-01-17,171.5376381
2015-01-18,158.4025693
2015-01-19,174.3347706
2015-01-20,176.2545505
2015-01-21,176.8492504
2015-01-22,180.9268982
2015-01-23,179.3049574
2015-01-24,179.3701336
2015-01-25,169.3385711
2015-01-26,172.0344837
2015-01-27,177.108934
2015-01-28,179.3792826
2015-01-29,180.6459978
2015-01-30,178.2456049
2015-01-31,172.6138298
2015-02-01,161.8260577
2015-02-02,166.9033628
2015-02-03,179.2127946
2015-02-04,176.0850918
2015-02-05,182.0768597
2015-02-06,182.67742
2015-02-07,178.5499013
2015-02-08,150.9908119
2015-02-09,175.9989096
2015-02-10,183.563255
2015-02-11,181.0029924
2015-02-12,180.1984351
2015-02-13,179.776568
2015-02-14,172.7500248
2015-02-15,169.3148831
2015-02-16,173.3903469
2015-02-17,181.3125959
2015-02-18,178.0300712
2015-02-19,182.1999851
2015-02-20,179.5149873
2015-02-21,177.3344321
2015-02-22,175.7128182
2015-02-23,175.6330987
2015-02-24,176.830176
2015-02-25,180.6004868
2015-02-26,178.323816
2015-02-27,183.6197508
2015-02-28,176.13689
2015-03-01,170.3012647
2015-03-02,172.8395715
2015-03-03,182.8031769
2015-03-04,181.6449997
2015-03-05,182.3828786
2015-03-06,181.8174693
2015-03-07,181.6261663
2015-03-08,169.3983966
2015-03-09,174.8841702
2015-03-10,178.9663571
2015-03-11,183.3312445
2015-03-12,182.2983351
2015-03-13,181.7394694
2015-03-14,179.9675163
2015-03-15,174.246499
2015-03-16,176.5718289
2015-03-17,183.8972375
2015-03-18,189.2762694
2015-03-19,185.5145642
2015-03-20,184.1959447
2015-03-21,185.7111472
2015-03-22,177.6084548
2015-03-23,179.984313
2015-03-24,185.2158837
2015-03-25,179.8766007
2015-03-26,186.0918675
2015-03-27,188.8868299
2015-03-28,185.7173623
2015-03-29,167.3016685
2015-03-30,177.6254894
2015-03-31,180.0701949
2015-04-01,182.2542363
2015-04-02,170.6851291
2015-04-03,159.9188805
2015-04-04,168.5040332
2015-04-05,165.7529026
2015-04-06,177.3542236
2015-04-07,185.696462
2015-04-08,181.2086377
2015-04-09,183.2569986
2015-04-10,184.4112874
2015-04-11,180.7732899
2015-04-12,173.3477788
2015-04-13,174.5542581
2015-04-14,181.1715334
2015-04-15,181.9178008
2015-04-16,183.8736388
2015-04-17,182.4282633
2015-04-18,175.4484201
2015-04-19,168.5506817
2015-04-20,172.8527643
2015-04-21,177.556369
2015-04-22,181.6289965
2015-04-23,178.842499
2015-04-24,175.8029406
2015-04-25,170.6592912
2015-04-26,162.9339982
2015-04-27,168.7218103
2015-04-28,170.3141205
2015-04-29,174.6448784
2015-04-30,172.799133
2015-05-01,165.2830665
2015-05-02,162.6799844
2015-05-03,162.2246138
2015-05-04,167.8118875
2015-05-05,170.0458529
2015-05-06,168.3046387
2015-05-07,168.2707549
2015-05-08,170.4507274
2015-05-09,171.4400244
2015-05-10,156.7638604
2015-05-11,169.0899141
2015-05-12,175.3117622
2015-05-13,175.7286405
2015-05-14,179.1590257
2015-05-15,176.0630131
2015-05-16,178.0836665
2015-05-17,167.8957514
2015-05-18,165.9585713
2015-05-19,166.6429013
2015-05-20,165.3847132
2015-05-21,169.3149474
2015-05-22,168.740415
2015-05-23,168.3110187
2015-05-24,158.4952662
2015-05-25,160.8804406
2015-05-26,168.9522263
2015-05-27,165.5100645
2015-05-28,164.0510778
2015-05-29,167.2761656
2015-05-30,167.4239572
2015-05-31,162.368904
2015-06-01,167.0748333
2015-06-02,165.4691481
2015-06-03,165.4323035
2015-06-04,167.1032207
2015-06-05,168.6700495
2015-06-06,165.8020231
2015-06-07,155.9141014
2015-06-08,162.0932894
2015-06-09,172.6758602
2015-06-10,172.3559027
2015-06-11,173.05968
2015-06-12,166.600443
2015-06-13,168.6628602
2015-06-14,153.5818533
2015-06-15,159.7089876
2015-06-16,166.4063827
2015-06-17,165.7107218
2015-06-18,169.2116656
2015-06-19,170.790713
2015-06-20,164.9684125
2015-06-21,153.5347842
2015-06-22,161.3986042
2015-06-23,173.6347093
2015-06-24,172.0191074
2015-06-25,168.2766861
2015-06-26,168.5540757
2015-06-27,165.2613222
2015-06-28,153.2155095
2015-06-29,153.5868552
2015-06-30,161.6515999
2015-07-01,170.6272025
2015-07-02,166.866161
2015-07-03,166.2808206
2015-07-04,162.8743198
2015-07-05,155.8722559
2015-07-06,158.6591942
2015-07-07,162.1256207
2015-07-08,166.1498215
2015-07-09,169.8780743
2015-07-10,167.5512176
2015-07-11,167.4147637
2015-07-12,157.1991486
2015-07-13,159.8599663
2015-07-14,167.7578021
2015-07-15,169.9269327
2015-07-16,160.2565601
2015-07-17,161.7925279
2015-07-18,162.4763599
2015-07-19,151.4334532
2015-07-20,157.220331
2015-07-21,165.4861599
2015-07-22,163.9112074
2015-07-23,160.208699
2015-07-24,161.7333144
2015-07-25,158.5980651
2015-07-26,143.733796
2015-07-27,148.2900219
2015-07-28,139.1502416
2015-07-29,139.3919656
2015-07-30,149.0447818
2015-07-31,155.9525463
2015-08-01,153.3290858
2015-08-02,140.8814052
2015-08-03,148.6309901
2015-08-04,156.5548085
2015-08-05,156.9107644
2015-08-06,160.1334592
2015-08-07,154.5936016
2015-08-08,160.3030827
2015-08-09,150.0924334
2015-08-10,154.8123545
2015-08-11,157.3683151
2015-08-12,158.5452493
2015-08-13,157.4728109
2015-08-14,160.2545053
2015-08-15,159.8582506
2015-08-16,145.2286181
2015-08-17,157.5406024
2015-08-18,163.2378934
2015-08-19,159.3195047
2015-08-20,157.7896532
2015-08-21,161.3781831
2015-08-22,163.1388402
2015-08-23,154.3314165
2015-08-24,156.7569352
2015-08-25,154.6270212
2015-08-26,158.4341756
2015-08-27,160.9202833
2015-08-28,164.3506982
2015-08-29,162.4768171
2015-08-30,148.6203226
2015-08-31,157.6299562
2015-09-01,162.0613166
2015-09-02,165.8278217
2015-09-03,158.7690127
2015-09-04,164.7771384
2015-09-05,164.5035412
2015-09-06,151.3567257
2015-09-07,157.0973193
2015-09-08,158.7547904
2015-09-09,161.5084784
2015-09-10,158.7426879
2015-09-11,160.0722456
2015-09-12,165.216684
2015-09-13,151.4261346
2015-09-14,153.2717491
2015-09-15,155.0739617
2015-09-16,160.5275875
2015-09-17,160.5894004
2015-09-18,160.0914625
2015-09-19,161.108089
2015-09-20,145.7572078
2015-09-21,155.1740622
2015-09-22,158.885647
2015-09-23,160.8897011
2015-09-24,157.6389911
2015-09-25,159.9438278
2015-09-26,157.376072
2015-09-27,145.5292172
2015-09-28,154.9560715
2015-09-29,160.0669735
2015-09-30,161.3713679
2015-10-01,162.9196909
2015-10-02,162.9422656
2015-10-03,159.0590356
2015-10-04,151.4316929
2015-10-05,152.0289742
2015-10-06,156.0610099
2015-10-07,155.2423371
2015-10-08,154.1406396
2015-10-09,158.3260193
2015-10-10,156.1736867
2015-10-11,147.4987357
2015-10-12,154.1525437
2015-10-13,161.5326219
2015-10-14,165.4094536
2015-10-15,161.3543861
2015-10-16,161.5953611
2015-10-17,161.324375
2015-10-18,151.6364586
2015-10-19,159.2023938
2015-10-20,161.101212
2015-10-21,161.9445262
2015-10-22,159.4102245
2015-10-23,159.745075
2015-10-24,156.1876541
2015-10-25,146.0067714
2015-10-26,155.2166991
2015-10-27,162.323819
2015-10-28,161.557376
2015-10-29,162.0161172
2015-10-30,158.4961358
2015-10-31,155.2492487
2015-11-01,143.062973
2015-11-02,154.6070031
2015-11-03,160.7243804
2015-11-04,162.2811651
2015-11-05,156.4411864
2015-11-06,158.5279528
2015-11-07,158.2803493
2015-11-08,149.7972512
2015-11-09,154.9285557
2015-11-10,166.7065825
2015-11-11,162.2639868
2015-11-12,165.0909004
2015-11-13,161.2695158
2015-11-14,159.535313
2015-11-15,151.0129985
2015-11-16,157.1239715
2015-11-17,161.9764169
2015-11-18,160.6827154
2015-11-19,156.4554347
2015-11-20,159.7042483
2015-11-21,162.1037442
2015-11-22,149.1816832
2015-11-23,154.6074109
2015-11-24,159.497203
2015-11-25,161.5012665
2015-11-26,169.7456284
2015-11-27,177.9899903
2015-11-28,157.6889881
2015-11-29,148.1509747
2015-11-30,152.9070603
2015-12-01,160.4251701
2015-12-02,149.5064512
2015-12-03,164.071174
2015-12-04,155.6802649
2015-12-05,163.4470948
2015-12-06,148.237949
2015-12-07,151.4940472
2015-12-08,149.2013855
2015-12-09,160.6492053
2015-12-10,162.926955
2015-12-11,158.9516476
2015-12-12,163.7890813
2015-12-13,149.7956956
2015-12-14,160.3622669
2015-12-15,165.747608
2015-12-16,168.0938438
2015-12-17,163.6715564
2015-12-18,161.9725193
2015-12-19,159.3288573
2015-12-20,149.8246186
2015-12-21,158.4517326
2015-12-22,154.4243221
2015-12-23,162.6336154
2015-12-24,163.3867336
2015-12-25,137.6121742
2015-12-26,153.8763377
2015-12-27,152.3101417
2015-12-28,165.6349948
2015-12-29,168.419693
2015-12-30,167.3058027
2015-12-31,163.769654
2016-01-01,132.8285601
2016-01-02,148.4129027
2016-01-03,148.4581167
2016-01-04,163.2455964
2016-01-05,160.7736192
2016-01-06,160.7182695
2016-01-07,157.8742807
2016-01-08,156.3588511
2016-01-09,157.4834589
2016-01-10,151.1927384
2016-01-11,155.458822
2016-01-12,164.063164
2016-01-13,162.7798804
2016-01-14,157.4517484
2016-01-15,156.9678504
2016-01-16,157.1036099
2016-01-17,148.5619787
2016-01-18,158.7869895
2016-01-19,147.83605
2016-01-20,161.1913016
2016-01-21,160.2223975
2016-01-22,161.1317018
2016-01-23,159.2766858
2016-01-24,144.2268332
2016-01-25,154.6649876
2016-01-26,162.0289457
2016-01-27,165.2951146
2016-01-28,153.6752874
2016-01-29,158.4174964
2016-01-30,159.5254217
2016-01-31,157.0095918
2016-02-01,166.1900007
2016-02-02,168.3101094
2016-02-03,175.2190184
2016-02-04,172.9655263
2016-02-05,174.637856
2016-02-06,174.2521888
2016-02-07,159.4353468
2016-02-08,161.8293378
2016-02-09,168.7044325
2016-02-10,167.5071034
2016-02-11,167.9856881
2016-02-12,172.3128683
2016-02-13,173.3194123
2016-02-14,159.8224554
2016-02-15,166.0167217
2016-02-16,172.7786878
2016-02-17,174.9529329
2016-02-18,173.1295697
2016-02-19,176.8214327
2016-02-20,171.9454049
2016-02-21,160.6375069
2016-02-22,170.2009192
2016-02-23,173.9132007
2016-02-24,174.9560452
2016-02-25,171.2789148
2016-02-26,171.9539106
2016-02-27,172.6769311
2016-02-28,165.7651461
2016-02-29,171.5935774
2016-03-01,174.0599738
2016-03-02,177.0706192
2016-03-03,174.5558154
2016-03-04,181.25299
2016-03-05,173.6091104
2016-03-06,161.8039717
2016-03-07,167.8428337
2016-03-08,172.6209164
2016-03-09,177.0224594
2016-03-10,175.7307194
2016-03-11,174.2543203
2016-03-12,175.6286182
2016-03-13,165.407872
2016-03-14,169.7743384
2016-03-15,171.0168991
2016-03-16,175.6923964
2016-03-17,176.1394323
2016-03-18,170.8977097
2016-03-19,172.2173866
2016-03-20,155.4199554
2016-03-21,162.2658446
2016-03-22,165.1090808
2016-03-23,163.9919754
2016-03-24,155.4784536
2016-03-25,142.6120741
2016-03-26,156.0518356
2016-03-27,152.0671642
2016-03-28,165.0485083
2016-03-29,161.671369
2016-03-30,162.9201057
2016-03-31,166.0929078
2016-04-01,169.7388804
2016-04-02,166.4251233
2016-04-03,154.8898498
2016-04-04,160.7175086
2016-04-05,166.8171575
2016-04-06,166.1169888
2016-04-07,153.7470666
2016-04-08,161.9282412
2016-04-09,160.2769141
2016-04-10,144.4492563
2016-04-11,155.7862092
2016-04-12,161.189232
2016-04-13,160.9541032
2016-04-14,165.1390811
2016-04-15,151.9611629
2016-04-16,162.8061432
2016-04-17,149.7026906
2016-04-18,155.9677732
2016-04-19,159.6828167
2016-04-20,160.4802643
2016-04-21,158.7048886
2016-04-22,157.2974838
2016-04-23,159.8424278
2016-04-24,149.8565855
2016-04-25,152.4939646
2016-04-26,157.8585778
2016-04-27,162.6101662
2016-04-28,157.1957489
2016-04-29,157.2560157
2016-04-30,152.6911687
2016-05-01,145.0894152
2016-05-02,152.265365
2016-05-03,151.4997871
2016-05-04,157.6108185
2016-05-05,156.3260571
2016-05-06,148.7066963
2016-05-07,154.8902517
2016-05-08,149.5064411
2016-05-09,151.2525061
2016-05-10,152.9764158
2016-05-11,160.748556
2016-05-12,157.6360186
2016-05-13,157.9619876
2016-05-14,153.2233644
2016-05-15,142.5218767
2016-05-16,143.7054465
2016-05-17,155.1692939
2016-05-18,153.7687706
2016-05-19,155.225311
2016-05-20,155.0622702
2016-05-21,154.3891235
2016-05-22,142.8860963
2016-05-23,150.5661063
2016-05-24,154.0888328
2016-05-25,155.1006361
2016-05-26,150.9469722
2016-05-27,153.5014299
2016-05-28,151.176776
2016-05-29,141.9911071
2016-05-30,145.1752551
2016-05-31,150.3534059
2016-06-01,149.0638504
2016-06-02,150.1643898
2016-06-03,147.1753441
2016-06-04,150.2123056
2016-06-05,139.7583078
2016-06-06,150.3313263
2016-06-07,147.8146026
2016-06-08,148.9599378
2016-06-09,148.5131952
2016-06-10,148.5405365
2016-06-11,152.2233962
2016-06-12,136.0747886
2016-06-13,144.7665738
2016-06-14,148.9064577
2016-06-15,146.8306772
2016-06-16,149.1742772
2016-06-17,148.3735849
2016-06-18,146.023674
2016-06-19,134.2575648
2016-06-20,139.5096838
2016-06-21,145.5821848
2016-06-22,145.8664766
2016-06-23,142.6913793
2016-06-24,148.4948295
2016-06-25,145.5240534
2016-06-26,136.2507706
2016-06-27,140.8195017
2016-06-28,143.511367
2016-06-29,133.779116
2016-06-30,140.5347972
2016-07-01,146.742156
2016-07-02,152.2885128
2016-07-03,136.3022048
2016-07-04,141.781016
2016-07-05,126.6953149
2016-07-06,147.2754316
2016-07-07,143.1340598
2016-07-08,145.3105673
2016-07-09,146.3868192
2016-07-10,135.3115503
2016-07-11,139.9767869
2016-07-12,142.6184872
2016-07-13,144.9825069
2016-07-14,140.6660119
2016-07-15,142.1774591
2016-07-16,143.1540424
2016-07-17,132.4571636
2016-07-18,138.5555813
2016-07-19,136.2457993
2016-07-20,148.9230024
2016-07-21,141.7746401
2016-07-22,141.2902153
2016-07-23,137.8652426
2016-07-24,136.3562391
2016-07-25,144.6190311
2016-07-26,146.3760335
2016-07-27,144.434168
2016-07-28,132.6120657
2016-07-29,125.711575
2016-07-30,131.5223262
2016-07-31,128.9975652
2016-08-01,141.303501
2016-08-02,141.1907251
2016-08-03,144.841501
2016-08-04,143.4329413
2016-08-05,146.5154881
2016-08-06,140.4999183
2016-08-07,130.4809504
2016-08-08,141.9977582
2016-08-09,145.9584259
2016-08-10,144.2913714
2016-08-11,146.0701237
2016-08-12,146.9922245
2016-08-13,146.215252
2016-08-14,137.9614295
2016-08-15,139.211473
2016-08-16,145.000216
2016-08-17,146.9623832
2016-08-18,147.5139306
2016-08-19,144.8486158
2016-08-20,142.6224638
2016-08-21,136.158339
2016-08-22,146.9149382
2016-08-23,146.1800459
2016-08-24,146.692379
2016-08-25,147.0657646
2016-08-26,146.2947729
2016-08-27,148.3550736
2016-08-28,136.977549
2016-08-29,141.3030874
2016-08-30,134.815084
2016-08-31,141.4493948
2016-09-01,147.0632685
2016-09-02,146.1032815
2016-09-03,145.8841584
2016-09-04,134.0537245
2016-09-05,143.9046568
2016-09-06,145.1369348
2016-09-07,150.354447
2016-09-08,146.3584602
2016-09-09,149.5350967
2016-09-10,150.1857334
2016-09-11,139.0668282
2016-09-12,134.9970076
2016-09-13,147.4817651
2016-09-14,149.1810501
2016-09-15,146.0020866
2016-09-16,148.7298587
2016-09-17,151.3879108
2016-09-18,141.5680691
2016-09-19,145.6216763
2016-09-20,123.9474385
2016-09-21,155.6766314
2016-09-22,149.6121045
2016-09-23,148.219657
2016-09-24,148.989504
2016-09-25,133.1870378
2016-09-26,146.3813975
2016-09-27,147.3110109
2016-09-28,149.0206695
2016-09-29,146.5834018
2016-09-30,147.443401
2016-10-01,148.0689177
2016-10-02,138.3946381
2016-10-03,140.518701
2016-10-04,148.1013807
2016-10-05,148.2635865
2016-10-06,150.965139
2016-10-07,149.5197517
2016-10-08,142.1455773
2016-10-09,136.2785771
2016-10-10,145.4323177
2016-10-11,150.6746098
2016-10-12,149.2409411
2016-10-13,151.3721758
2016-10-14,153.0818374
2016-10-15,148.2844655
2016-10-16,139.0638196
2016-10-17,144.7622354
2016-10-18,151.5797559
2016-10-19,153.1927157
2016-10-20,142.1328344
2016-10-21,159.365476
2016-10-22,153.4575938
2016-10-23,137.1526167
2016-10-24,146.2365166
2016-10-25,152.2813248
2016-10-26,152.8306817
2016-10-27,149.2294148
2016-10-28,148.6878929
2016-10-29,150.1153032
2016-10-30,141.4394728
2016-10-31,142.8991527
2016-11-01,137.4441378
2016-11-02,149.3066914
2016-11-03,150.1995674
2016-11-04,153.1299156
2016-11-05,152.5789576
2016-11-06,138.3464028
2016-11-07,150.962574
2016-11-08,155.6567408
2016-11-09,157.1141782
2016-11-10,154.8601269
2016-11-11,153.6615929
2016-11-12,156.2424046
2016-11-13,144.4459016
2016-11-14,151.5938946
2016-11-15,152.0048125
2016-11-16,154.5532021
2016-11-17,156.6579352
2016-11-18,153.7015211
2016-11-19,149.7466279
2016-11-20,141.901548
2016-11-21,151.7426508
2016-11-22,157.2360421
2016-11-23,162.7294335
2016-11-24,154.7026635
2016-11-25,159.9040009
2016-11-26,150.9098164
2016-11-27,142.2616608
2016-11-28,154.947734
2016-11-29,156.2462432
2016-11-30,158.5524819
2016-12-01,156.2578132
2016-12-02,155.4117134
2016-12-03,153.5734496
2016-12-04,149.3321067
2016-12-05,151.3917948
2016-12-06,161.7207904
2016-12-07,154.4133542
2016-12-08,149.0211715
2016-12-09,154.9843239
2016-12-10,157.2184299
2016-12-11,144.6756916
2016-12-12,156.5821179
2016-12-13,154.7602923
2016-12-14,158.308791
2016-12-15,153.2590592
2016-12-16,157.854671
2016-12-17,151.0694966
2016-12-18,144.676045
2016-12-19,154.2841416
2016-12-20,153.7597675
2016-12-21,155.2155297
2016-12-22,155.626059
2016-12-23,159.120497
2016-12-24,161.7293379
2016-12-25,138.1217905
2016-12-26,158.769101
2016-12-27,159.1872292
2016-12-28,159.7974088
2016-12-29,151.3815
2016-12-30,154.6987357
2016-12-31,153.8297602
2017-01-01,131.7413091
2017-01-02,158.8105117
2017-01-03,161.4975534
2017-01-04,158.1549699
2017-01-05,157.0865046
2017-01-06,159.6564384
2017-01-07,164.3866473
2017-01-08,149.118916
2017-01-09,162.2803275
2017-01-10,163.5546469
2017-01-11,168.0362476
2017-01-12,166.5086268
2017-01-13,167.1964336
2017-01-14,164.2508456
2017-01-15,149.9073253
2017-01-16,160.1022978
2017-01-17,164.0685682
2017-01-18,165.3437451
2017-01-19,170.1129773
2017-01-20,170.8168425
2017-01-21,166.7749679
2017-01-22,156.8594029
2017-01-23,160.2859428
2017-01-24,167.3421509
2017-01-25,171.4457347
2017-01-26,136.0824751
2017-01-27,155.6756074
2017-01-28,173.7482296
2017-01-29,156.6517841
2017-01-30,163.2433494
2017-01-31,169.4491113
2017-02-01,168.406631
2017-02-02,147.7595751
2017-02-03,174.4914698
2017-02-04,169.4353071
2017-02-05,158.6668855
2017-02-06,165.2510475
2017-02-07,166.3575233
2017-02-08,171.45699
2017-02-09,170.650049
2017-02-10,170.8510178
2017-02-11,169.7617457
2017-02-12,157.5554461
2017-02-13,161.6951715
2017-02-14,171.5230068
2017-02-15,166.4753244
2017-02-16,168.6057108
2017-02-17,165.5536725
2017-02-18,162.9856864
2017-02-19,152.8201493
2017-02-20,162.2123262
2017-02-21,166.3697971
2017-02-22,169.6622252
2017-02-23,163.4151981
2017-02-24,165.6690797
2017-02-25,164.0045046
2017-02-26,153.1081671
2017-02-27,159.9588867
2017-02-28,167.7186426
2017-03-01,167.7380189
2017-03-02,167.8848077
2017-03-03,169.2713574
2017-03-04,168.6431204
2017-03-05,158.0232996
2017-03-06,159.4743672
2017-03-07,167.1122672
2017-03-08,164.652876
2017-03-09,165.1238409
2017-03-10,166.8380368
2017-03-11,165.6788665
2017-03-12,157.3258821
2017-03-13,164.567087
2017-03-14,168.9772746
2017-03-15,118.484825
2017-03-16,128.3246047
2017-03-17,139.0900893
2017-03-18,149.855574
2017-03-19,160.6210586
2017-03-20,171.3865432
2017-03-21,160.3232828
2017-03-22,164.1873025
2017-03-23,160.2777826
2017-03-24,161.3166961
2017-03-25,156.3522131
2017-03-26,145.383139
2017-03-27,154.5935145
2017-03-28,159.3769811
2017-03-29,160.2319276
2017-03-30,158.2349181
2017-03-31,159.727763
2017-04-01,161.404876
2017-04-02,150.252777
2017-04-03,155.8771249
2017-04-04,159.7065244
2017-04-05,163.2024535
2017-04-06,161.0929791
2017-04-07,163.9424937
2017-04-08,163.5450416
2017-04-09,150.7021135
2017-04-10,156.2491167
2017-04-11,162.3586121
2017-04-12,161.8047337
2017-04-13,150.0254899
2017-04-14,138.117064
2017-04-15,150.4534459
2017-04-16,140.7159229
2017-04-17,154.1116949
2017-04-18,158.9741259
2017-04-19,161.3894382
2017-04-20,159.7614876
2017-04-21,161.0233005
2017-04-22,160.8947547
2017-04-23,147.6955948
2017-04-24,151.4648349
2017-04-25,158.3973496
2017-04-26,160.1671517
2017-04-27,157.0495519
2017-04-28,158.8188488
2017-04-29,155.4640421
2017-04-30,143.3959612
2017-05-01,144.0913169
2017-05-02,148.5806464
2017-05-03,155.8643757
2017-05-04,158.385899
2017-05-05,156.8969379
2017-05-06,163.0254087
2017-05-07,148.5925384
2017-05-08,148.169581
2017-05-09,157.5297069
2017-05-10,159.7833362
2017-05-11,158.2084172
2017-05-12,160.0387281
2017-05-13,159.2738485
2017-05-14,139.3250877
2017-05-15,152.1461688
2017-05-16,140.1298576
2017-05-17,162.2561833
2017-05-18,159.5220473
2017-05-19,158.6923473
2017-05-20,158.1492584
2017-05-21,143.0507523
2017-05-22,152.8249995
2017-05-23,156.7350151
2017-05-24,152.9665734
2017-05-25,155.6474818
2017-05-26,156.439395
2017-05-27,156.9762967
2017-05-28,143.2951559
2017-05-29,146.9745938
2017-05-30,150.2154443
2017-05-31,147.3988706
2017-06-01,149.5709618
2017-06-02,156.0331911
2017-06-03,154.557793
2017-06-04,141.0763696
2017-06-05,144.2064221
2017-06-06,151.5789811
2017-06-07,137.8098693
2017-06-08,155.9205397
2017-06-09,150.1391314
2017-06-10,155.1248406
2017-06-11,140.4868673
2017-06-12,149.0556426
2017-06-13,151.2887614
2017-06-14,147.8060361
2017-06-15,148.352329
2017-06-16,150.0602619
2017-06-17,146.8143215
2017-06-18,119.4005243
2017-06-19,143.2898903
2017-06-20,146.7380306
2017-06-21,148.5844561
2017-06-22,146.3241909
2017-06-23,151.3369693
2017-06-24,150.2990445
2017-06-25,141.8827792
2017-06-26,143.081183
2017-06-27,145.6989577
2017-06-28,147.7124785
2017-06-29,147.4679281
2017-06-30,146.3023061
2017-07-01,142.1824355
2017-07-02,133.3455779
2017-07-03,124.9235017
2017-07-04,153.9082614
2017-07-05,146.659025
2017-07-06,147.3594345
2017-07-07,146.0648428
2017-07-08,146.5173744
2017-07-09,135.3182659
2017-07-10,141.9218235
2017-07-11,143.2328804
2017-07-12,144.1629689
2017-07-13,146.3080203
2017-07-14,146.9084377
2017-07-15,143.6829973
2017-07-16,132.6482677
2017-07-17,143.4754341
2017-07-18,141.4859792
2017-07-19,144.4168321
2017-07-20,141.0939233
2017-07-21,130.5245362
2017-07-22,143.9981955
2017-07-23,130.9830824
2017-07-24,133.0849698
2017-07-25,132.2222348
2017-07-26,127.2444884
2017-07-27,140.1664009
2017-07-28,128.2872599
2017-07-29,122.4665306
2017-07-30,126.2775617
2017-07-31,139.6306441
2017-08-01,139.6752135
2017-08-02,141.3499578
2017-08-03,140.9395082
2017-08-04,142.936742
2017-08-05,141.6437289
2017-08-06,130.417069
2017-08-07,139.9589869
2017-08-08,144.5038422
2017-08-09,131.6215621
2017-08-10,141.9935802
2017-08-11,139.7318009
2017-08-12,144.585581
2017-08-13,131.9433505
2017-08-14,142.1807426
2017-08-15,143.008693
2017-08-16,140.2893459
2017-08-17,141.182065
2017-08-18,138.0090189
2017-08-19,140.5139259
2017-08-20,124.4131761
2017-08-21,133.5566082
2017-08-22,143.980266
2017-08-23,138.4864529
2017-08-24,137.5840201
2017-08-25,138.0830485
2017-08-26,144.6438918
2017-08-27,130.4121764
2017-08-28,135.5952002
2017-08-29,137.3408456
2017-08-30,134.6875616
2017-08-31,135.1087699
2017-09-01,139.4070133
2017-09-02,141.0445648
2017-09-03,133.7546264
2017-09-04,137.4684227
2017-09-05,143.3315052
2017-09-06,140.1463619
2017-09-07,146.7101568
2017-09-08,142.4129445
2017-09-09,140.4856849
2017-09-10,133.8558193
2017-09-11,135.4903744
2017-09-12,142.6514559
2017-09-13,142.8930792
2017-09-14,140.4523687
2017-09-15,143.4091788
2017-09-16,144.3719571
2017-09-17,135.5717258
2017-09-18,137.8572772
2017-09-19,141.0234886
2017-09-20,137.0441708
2017-09-21,142.1388171
2017-09-22,145.3502141
2017-09-23,147.3031486
2017-09-24,145.7267512
2017-09-25,146.3844185
2017-09-26,146.5142202
2017-09-27,145.7333067
2017-09-28,148.62365
2017-09-29,148.6697636
2017-09-30,144.8442529
2017-10-01,137.858603
2017-10-02,121.7485383
2017-10-03,150.6667466
2017-10-04,148.596391
2017-10-05,147.7006511
2017-10-06,141.9286685
2017-10-07,143.9715341
2017-10-08,135.1379615
2017-10-09,141.2116485
2017-10-10,141.6587379
2017-10-11,140.6981213
2017-10-12,146.7477502
2017-10-13,150.3958679
2017-10-14,145.6037347
2017-10-15,134.3543986
2017-10-16,141.8894812
2017-10-17,139.1632918
2017-10-18,148.3543003
2017-10-19,144.8986256
2017-10-20,148.8630572
2017-10-21,152.07546
2017-10-22,140.4179542
2017-10-23,142.2047407
2017-10-24,143.8827118
2017-10-25,145.9207345
2017-10-26,148.3468735
2017-10-27,145.0516913
2017-10-28,143.2645757
2017-10-29,138.372771
2017-10-30,144.5708619
2017-10-31,144.5437556
2017-11-01,133.6145934
2017-11-02,142.5817108
2017-11-03,146.5644647
2017-11-04,143.0153288
2017-11-05,135.2055657
2017-11-06,143.702574
2017-11-07,145.2012628
2017-11-08,147.4045131
2017-11-09,147.1973379
2017-11-10,149.0330017
2017-11-11,145.8973434
2017-11-12,137.2381733
2017-11-13,144.7193095
2017-11-14,145.8023034
2017-11-15,149.1122235
2017-11-16,145.0024662
2017-11-17,147.6661878
2017-11-18,148.5305081
2017-11-19,138.631936
2017-11-20,146.4196748
2017-11-21,148.5605213
2017-11-22,146.7531734
2017-11-23,151.4411918
2017-11-24,150.440163
2017-11-25,151.6421161
2017-11-26,141.1531112
2017-11-27,148.1790152
2017-11-28,148.7075305
2017-11-29,153.4318872
2017-11-30,150.9400568
2017-12-01,153.1206977
2017-12-02,153.002579
2017-12-03,143.9943603
2017-12-04,147.1129115
2017-12-05,151.6300017
2017-12-06,140.4245794
2017-12-07,146.2597265
2017-12-08,141.9171424
2017-12-09,142.7953905
2017-12-10,139.4261003
2017-12-11,147.892604
2017-12-12,153.972792
2017-12-13,155.3514752
2017-12-14,155.2450562
2017-12-15,156.5543548
2017-12-16,150.175355
2017-12-17,141.5064466
2017-12-18,150.7029592
2017-12-19,153.384212
2017-12-20,129.9451558
2017-12-21,145.3467213
2017-12-22,156.2469499
2017-12-23,149.6499037
2017-12-24,141.3324382
2017-12-25,125.0826218
2017-12-26,144.3569189
2017-12-27,149.4251639
2017-12-28,150.4215864
2017-12-29,147.53536
2017-12-30,141.3420196
2017-12-31,144.4583655
2018-01-01,121.774886
2018-01-02,139.9508789
2018-01-03,148.054705
2018-01-04,147.7019389
2018-01-05,148.0248893
2018-01-06,149.2874447
2018-01-07,144.5506464
2018-01-08,151.8078851
2018-01-09,156.5723333
2018-01-10,156.6331558
2018-01-11,145.161987
2018-01-12,156.0058965
2018-01-13,153.4126673
2018-01-14,144.5717926
2018-01-15,155.5930819
2018-01-16,158.3193608
2018-01-17,147.3418237
2018-01-18,162.4367594
2018-01-19,162.3379862
2018-01-20,157.0102055
2018-01-21,146.6050349
2018-01-22,148.6512793
2018-01-23,158.2901844
2018-01-24,160.4135898
2018-01-25,161.7332961
2018-01-26,158.6265215
2018-01-27,160.9293475
2018-01-28,147.9998433
2018-01-29,153.9994511
2018-01-30,157.7063467
2018-01-31,160.4130924
2018-02-01,161.1257417
2018-02-02,159.8470398
2018-02-03,156.6794787
2018-02-04,144.0882765
2018-02-05,155.3212297
2018-02-06,159.6671849
2018-02-07,159.2513673
2018-02-08,159.159677
2018-02-09,159.7828669
2018-02-10,160.0625549
2018-02-11,145.8460894
2018-02-12,155.4220945
2018-02-13,160.7272172
2018-02-14,158.2134845
2018-02-15,156.9917701
2018-02-16,158.9479373
2018-02-17,161.5224198
2018-02-18,149.274179
2018-02-19,155.2878051
2018-02-20,159.7982165
2018-02-21,161.9457285
2018-02-22,156.8925379
2018-02-23,157.5434678
2018-02-24,153.3017538
2018-02-25,144.3976384
2018-02-26,151.5274342
2018-02-27,160.7290906
2018-02-28,155.5685011
2018-03-01,158.3691639
2018-03-02,155.610335
2018-03-03,156.8009567
2018-03-04,143.8441028
2018-03-05,152.0513047
2018-03-06,155.2455861
2018-03-07,157.0753985
2018-03-08,159.0317647
2018-03-09,159.2835383
2018-03-10,155.5497001
2018-03-11,145.6854269
2018-03-12,151.7502989
2018-03-13,155.7006879
2018-03-14,160.5545026
2018-03-15,159.0651914
2018-03-16,162.1147693
2018-03-17,163.7792231
2018-03-18,149.2101
2018-03-19,155.9990639
2018-03-20,159.2443767
2018-03-21,161.0821302
2018-03-22,157.9939589
2018-03-23,160.3584611
2018-03-24,159.8085989
2018-03-25,150.6702254
2018-03-26,154.3928045
2018-03-27,159.9098236
2018-03-28,157.0672395
2018-03-29,149.1406604
2018-03-30,137.2941698
2018-03-31,146.1790327
2018-04-01,141.1549288
2018-04-02,150.4560571
2018-04-03,156.4381027
2018-04-04,157.9253208
2018-04-05,159.003214
2018-04-06,159.2483844
2018-04-07,158.5577117
2018-04-08,148.7970285
2018-04-09,154.3742776
2018-04-10,158.1958592
2018-04-11,158.2127641
2018-04-12,157.7674203
2018-04-13,158.2613328
2018-04-14,155.5406391
2018-04-15,145.9683399
2018-04-16,151.5970332
2018-04-17,160.8549612
2018-04-18,156.9313852
2018-04-19,155.6688053
2018-04-20,155.248325
2018-04-21,156.9231816
2018-04-22,143.7575769
2018-04-23,150.8953111
2018-04-24,155.9697571
2018-04-25,156.5726724
2018-04-26,158.3155891
2018-04-27,156.8763542
2018-04-28,154.4258331
2018-04-29,143.2027413
2018-04-30,148.5427676
2018-05-01,141.9004305
2018-05-02,149.6140801
2018-05-03,154.8036512
2018-05-04,153.9587168
2018-05-05,152.5620868
2018-05-06,146.0102512
2018-05-07,153.4140083
2018-05-08,154.9888817
2018-05-09,154.4480855
2018-05-10,155.2789514
2018-05-11,152.8219817
2018-05-12,151.6550552
2018-05-13,135.3681234
2018-05-14,149.4913722
2018-05-15,154.2030181
2018-05-16,153.8420813
2018-05-17,153.6292701
2018-05-18,151.6492249
2018-05-19,150.1765576
2018-05-20,141.39848
2018-05-21,147.2250396
2018-05-22,150.9162628
2018-05-23,149.2679036
2018-05-24,150.4502299
2018-05-25,150.1916037
2018-05-26,148.1020949
2018-05-27,144.2222477
2018-05-28,146.4862268
2018-05-29,147.7796867
2018-05-30,147.3502766
2018-05-31,146.8621073
2018-06-01,146.6831371
2018-06-02,149.4211145
2018-06-03,139.6623713
2018-06-04,143.9462142
2018-06-05,145.4334393
2018-06-06,144.5782439
2018-06-07,147.1878859
2018-06-08,148.8829621
2018-06-09,145.2742472
2018-06-10,133.6690777
2018-06-11,141.8426536
2018-06-12,144.4845404
2018-06-13,147.7584597
2018-06-14,146.8903771
2018-06-15,145.3934512
2018-06-16,142.7713591
2018-06-17,133.3291802
2018-06-18,140.824406
2018-06-19,145.5054713
2018-06-20,145.6401882
2018-06-21,146.8653638
2018-06-22,143.2578327
2018-06-23,146.6784142
2018-06-24,136.1585514
2018-06-25,151.506389
2018-06-26,146.6427366
2018-06-27,145.1672221
2018-06-28,144.1252445
2018-06-29,137.5434011
2018-06-30,139.565459
2018-07-01,131.6667134
2018-07-02,143.3033479
2018-07-03,145.4892633
2018-07-04,145.9759296
2018-07-05,147.5147978
2018-07-06,145.5588129
2018-07-07,142.6631996
2018-07-08,137.0457848
2018-07-09,144.3510363
2018-07-10,148.7434212
2018-07-11,150.6112079
2018-07-12,150.3058316
2018-07-13,151.0748368
2018-07-14,144.7607436
2018-07-15,135.1362485
2018-07-16,140.8740582
2018-07-17,146.2715439
2018-07-18,145.7782381
2018-07-19,149.3053994
2018-07-20,144.4189189
2018-07-21,141.7272732
2018-07-22,135.0593105
2018-07-23,142.0790083
2018-07-24,145.8953143
2018-07-25,146.596891
2018-07-26,145.9104346
2018-07-27,142.8768247
2018-07-28,132.9855477
2018-07-29,125.753068
2018-07-30,141.6154911
2018-07-31,144.5674771
2018-08-01,147.3225578
2018-08-02,144.9164384
2018-08-03,142.9019957
2018-08-04,138.4064361
2018-08-05,133.7128617
2018-08-06,139.5738599
2018-08-07,142.4091383
2018-08-08,142.6033524
2018-08-09,144.4384586
2018-08-10,142.705874
2018-08-11,144.7532079
2018-08-12,131.9139456
2018-08-13,142.4161467
2018-08-14,143.1516269
2018-08-15,149.4294052
2018-08-16,147.0496372
2018-08-17,145.3117579
2018-08-18,145.6281023
2018-08-19,134.7603669
2018-08-20,148.8696075
2018-08-21,145.2513013
2018-08-22,146.9538141
2018-08-23,143.6153494
2018-08-24,146.1477764
2018-08-25,147.9043265
2018-08-26,133.9157936
2018-08-27,144.181232
2018-08-28,146.438906
2018-08-29,144.9837864
2018-08-30,139.371719
2018-08-31,144.3607975
2018-09-01,144.2167218
2018-09-02,135.8199627
2018-09-03,143.491278
2018-09-04,151.0513629
2018-09-05,151.5114136
2018-09-06,149.8093407
2018-09-07,151.0972093
2018-09-08,150.5624148
2018-09-09,137.6645941
2018-09-10,140.836699
2018-09-11,146.6095928
2018-09-12,146.2976472
2018-09-13,153.4761909
2018-09-14,149.8593534
2018-09-15,152.9500366
2018-09-16,139.7276749
2018-09-17,146.1690453
2018-09-18,149.1650274
2018-09-19,144.9941349
2018-09-20,148.9216414
2018-09-21,149.7664268
2018-09-22,152.3498688
2018-09-23,141.3528356
2018-09-24,147.2531145
2018-09-25,150.801081
2018-09-26,152.1809946
2018-09-27,152.8015752
2018-09-28,150.6242957
2018-09-29,152.8093705
2018-09-30,141.6328837
2018-10-01,144.329176
2018-10-02,155.2119783
2018-10-03,153.2016683
2018-10-04,153.8023328
2018-10-05,151.7882426
2018-10-06,149.7497906
2018-10-07,137.1637503
2018-10-08,141.0430055
2018-10-09,153.5442998
2018-10-10,153.9427272
2018-10-11,151.4612316
2018-10-12,151.4742546
2018-10-13,151.5487226
2018-10-14,140.0533378
2018-10-15,143.4213103
2018-10-16,153.5041783
2018-10-17,152.2371125
2018-10-18,154.716401
2018-10-19,156.4648896
2018-10-20,156.6470349
2018-10-21,142.8300066
2018-10-22,149.2943154
2018-10-23,151.6203817
2018-10-24,153.0756502
2018-10-25,155.3892461
2018-10-26,154.694088
2018-10-27,154.1279299
2018-10-28,144.3204831
2018-10-29,147.2905561
2018-10-30,152.9779441
2018-10-31,145.0192228
2018-11-01,135.7032246
2018-11-02,145.0437645
2018-11-03,151.9583316
2018-11-04,143.6651649
2018-11-05,147.9954041
2018-11-06,150.6672848
2018-11-07,153.5098556
2018-11-08,154.3634021
2018-11-09,155.6146206
2018-11-10,153.6236645
2018-11-11,144.1229306
2018-11-12,149.7562307
2018-11-13,153.5914836
2018-11-14,148.7986749
2018-11-15,151.5528598
2018-11-16,152.8566227
2018-11-17,151.4958583
2018-11-18,144.0873536
2018-11-19,142.0651783
2018-11-20,153.4099494
2018-11-21,152.2584822
2018-11-22,151.9802421
2018-11-23,155.0063474
2018-11-24,151.1883156
2018-11-25,140.8030505
2018-11-26,144.0110534
2018-11-27,152.330076
2018-11-28,150.1143545
2018-11-29,153.091471
2018-11-30,152.6382805
2018-12-01,156.0051039
2018-12-02,146.1005675
2018-12-03,148.0867325
2018-12-04,154.3129369
2018-12-05,155.1144715
2018-12-06,157.8434258
2018-12-07,157.4257218
2018-12-08,151.2333308
2018-12-09,144.7074707
2018-12-10,150.42032
2018-12-11,156.5371316
2018-12-12,155.8700338
2018-12-13,154.5455113
2018-12-14,157.2670923
2018-12-15,157.4967714
2018-12-16,150.2417806
2018-12-17,151.7436956
2018-12-18,158.6349432
2018-12-19,157.7684797
2018-12-20,158.5122685
2018-12-21,158.0304324
2018-12-22,154.6494799
2018-12-23,144.7523035
2018-12-24,148.1005167
2018-12-25,134.2934641
2018-12-26,149.3129175
2018-12-27,152.6012785
2018-12-28,158.7640352
2018-12-29,156.5386775
2018-12-30,147.5339657
2018-12-31,151.6841104
2019-01-01,128.7901936
2019-01-02,148.3536545
2019-01-03,151.4877442
2019-01-04,158.6077198
2019-01-05,154.088399
2019-01-06,143.2620073
2019-01-07,151.5603336
2019-01-08,159.9920209
2019-01-09,163.5895684
2019-01-10,158.5894279
2019-01-11,163.4487115
2019-01-12,158.9303474
2019-01-13,147.1425977
2019-01-14,156.6530287
2019-01-15,156.7088171
2019-01-16,153.332112
2019-01-17,154.5972645
2019-01-18,157.2382993
2019-01-19,156.6533714
2019-01-20,147.0799112
2019-01-21,153.8858133
2019-01-22,160.839265
2019-01-23,163.5904432
2019-01-24,179.2605419
2019-01-25,194.9306406
2019-01-26,158.8748061
2019-01-27,149.4373537
2019-01-28,159.3330071
2019-01-29,163.8564891
2019-01-30,166.8882494
2019-01-31,165.9086341
2019-02-01,164.292009
2019-02-02,161.3746335
2019-02-03,154.7110315
2019-02-04,158.5188491
2019-02-05,164.8183776
2019-02-06,168.7991093
2019-02-07,171.3218243
2019-02-08,170.2616698
2019-02-09,170.9523151
2019-02-10,159.9652962
2019-02-11,165.249932
2019-02-12,168.1824105
2019-02-13,172.73434
2019-02-14,168.4614836
2019-02-15,165.0893533
2019-02-16,168.1014254
2019-02-17,156.6022294
2019-02-18,162.1533204
2019-02-19,169.4772446
2019-02-20,170.3630275
2019-02-21,170.0114654
2019-02-22,171.4143232
2019-02-23,168.2801095
2019-02-24,158.7207856
2019-02-25,161.1508781
2019-02-26,165.3999765
2019-02-27,166.4589725
2019-02-28,167.7556907
2019-03-01,166.8565431
2019-03-02,167.8275304
2019-03-03,155.98801
2019-03-04,162.8908753
2019-03-05,166.5703374
2019-03-06,165.8334482
2019-03-07,165.878508
2019-03-08,166.8868654
2019-03-09,164.9096906
2019-03-10,152.6418035
2019-03-11,161.2001353
2019-03-12,167.7425173
2019-03-13,168.6374449
2019-03-14,166.2634009
2019-03-15,164.0201066
2019-03-16,166.7036175
2019-03-17,156.0614468
2019-03-18,143.9224466
2019-03-19,164.6400195
2019-03-20,162.2779742
2019-03-21,165.0351233
2019-03-22,165.3370096
2019-03-23,163.2095027
2019-03-24,151.5732433
2019-03-25,157.1661262
2019-03-26,162.1540371
2019-03-27,148.5950099
2019-03-28,159.6704108
2019-03-29,162.5904872
2019-03-30,163.5318443
2019-03-31,149.9630509
2019-04-01,156.042461
2019-04-02,159.7116612
2019-04-03,162.5686967
2019-04-04,159.2819507
2019-04-05,160.2735588
2019-04-06,164.2072311
2019-04-07,151.4054321
2019-04-08,156.5095686
2019-04-09,158.718159
2019-04-10,159.6416836
2019-04-11,160.6360877
2019-04-12,160.887938
2019-04-13,164.1124797
2019-04-14,150.0749152
2019-04-15,155.7586665
2019-04-16,160.0649536
2019-04-17,160.1515274
2019-04-18,152.3045147
2019-04-19,138.6444336
2019-04-20,148.2735475
2019-04-21,145.2130223
2019-04-22,157.4099405
2019-04-23,163.3182333
2019-04-24,162.4800669
2019-04-25,160.979462
2019-04-26,160.8112816
2019-04-27,159.7145491
2019-04-28,149.4668088
2019-04-29,152.8426713
2019-04-30,159.3204547
2019-05-01,151.8576055
2019-05-02,147.2375698
2019-05-03,156.9212988
2019-05-04,159.2123398
2019-05-05,149.9619016
2019-05-06,154.9648445
2019-05-07,153.3857999
2019-05-08,155.3358443
2019-05-09,157.2547667
2019-05-10,152.7468034
2019-05-11,153.6223686
2019-05-12,143.1835541
2019-05-13,154.2302924
2019-05-14,158.6219788
2019-05-15,156.7879007
2019-05-16,152.738516
2019-05-17,152.244334
2019-05-18,152.4016474
2019-05-19,143.2881273
2019-05-20,152.0985814
2019-05-21,150.6353808
2019-05-22,149.5476845
2019-05-23,148.3289753
2019-05-24,142.4074834
2019-05-25,148.0721832
2019-05-26,137.7122063
2019-05-27,145.8919739
2019-05-28,147.4155567
2019-05-29,150.4154225
2019-05-30,147.8260452
2019-05-31,143.8171836
2019-06-01,147.8234421
2019-06-02,142.1528147
2019-06-03,142.7306196
2019-06-04,149.5235703
2019-06-05,138.1355061
2019-06-06,148.8263663
2019-06-07,149.1199196
2019-06-08,145.8607997
2019-06-09,139.5810729
2019-06-10,142.5619131
2019-06-11,146.5652952
2019-06-12,146.2697267
2019-06-13,148.9014546
2019-06-14,148.1653171
2019-06-15,145.3726456
2019-06-16,135.7753472
2019-06-17,142.0225271
2019-06-18,143.6884592
2019-06-19,146.8332646
2019-06-20,142.6816354
2019-06-21,145.1675782
2019-06-22,146.5459145
2019-06-23,138.5986405
2019-06-24,144.1341607
2019-06-25,145.7956914
2019-06-26,148.792941
2019-06-27,152.0239709
2019-06-28,147.823707
2019-06-29,144.1546033
2019-06-30,132.8784437
2019-07-01,144.7242309
2019-07-02,148.6583826
2019-07-03,153.585101
2019-07-04,178.7460145
2019-07-05,134.8524658
2019-07-06,105.4054556
2019-07-07,140.5611347
2019-07-08,138.7109929
2019-07-09,144.1437389
2019-07-10,143.9734296
2019-07-11,144.1775413
2019-07-12,144.8851825
2019-07-13,144.138336
2019-07-14,133.0244398
2019-07-15,140.0485191
2019-07-16,139.8735919
2019-07-17,148.4966442
2019-07-18,145.9036878
2019-07-19,146.8406322
2019-07-20,142.3849576
2019-07-21,133.3659178
2019-07-22,139.4053629
2019-07-23,146.467212
2019-07-24,146.1320706
2019-07-25,147.3124487
2019-07-26,141.9669631
2019-07-27,137.4030701
2019-07-28,126.0449086
2019-07-29,124.4550903
2019-07-30,135.9968638
2019-07-31,142.9930171
2019-08-01,143.2768896
2019-08-02,143.8851477
2019-08-03,140.2300223
2019-08-04,127.720932
2019-08-05,136.103657
2019-08-06,141.6737686
2019-08-07,143.4644294
2019-08-08,143.1998724
2019-08-09,143.1845413
2019-08-10,145.1556573
2019-08-11,131.3925821
2019-08-12,139.4468889
2019-08-13,146.9065792
2019-08-14,145.9375874
2019-08-15,141.8717439
2019-08-16,144.4170155
2019-08-17,143.07327
2019-08-18,133.4707484
2019-08-19,143.6679891
2019-08-20,145.5697652
2019-08-21,150.4444379
2019-08-22,148.3867113
2019-08-23,147.6941394
2019-08-24,145.8587669
2019-08-25,134.2164218
2019-08-26,139.0529169
2019-08-27,144.069645
2019-08-28,147.2079108
2019-08-29,143.0211401
2019-08-30,139.7997957
2019-08-31,140.6099597
2019-09-01,135.1379021
2019-09-02,142.6159566
2019-09-03,145.212982
2019-09-04,146.8595808
2019-09-05,144.751918
2019-09-06,146.1341186
2019-09-07,144.798514
2019-09-08,136.4236474
2019-09-09,137.3164399
2019-09-10,144.1576692
2019-09-11,142.8976298
2019-09-12,142.7892419
2019-09-13,142.4156473
2019-09-14,144.8968119
2019-09-15,134.2851443
2019-09-16,136.1094087
2019-09-17,141.6333038
2019-09-18,140.8512229
2019-09-19,145.8178719
2019-09-20,143.7562885
2019-09-21,141.6230645
2019-09-22,135.5466451
2019-09-23,139.8139567
2019-09-24,143.7352664
2019-09-25,145.3228198
2019-09-26,143.7791505
2019-09-27,144.3534995
2019-09-28,146.0605337
2019-09-29,134.654543
2019-09-30,137.4159014
2019-10-01,139.1744195
2019-10-02,139.6186993
2019-10-03,143.112335
2019-10-04,141.1028108
2019-10-05,137.8480368
2019-10-06,126.6747704
2019-10-07,136.221551
2019-10-08,132.4724984
2019-10-09,138.7792479
2019-10-10,137.4572771
2019-10-11,140.1384557
2019-10-12,142.288639
2019-10-13,132.5940153
2019-10-14,140.6509768
2019-10-15,142.6946146
2019-10-16,145.1562102
2019-10-17,145.4889006
2019-10-18,148.0701052
2019-10-19,146.8246196
2019-10-20,135.9062864
2019-10-21,140.4953134
2019-10-22,146.4129494
2019-10-23,146.318146
2019-10-24,146.5293575
2019-10-25,149.2569969
2019-10-26,147.6377788
2019-10-27,141.141525
2019-10-28,148.2557756
2019-10-29,151.5185922
2019-10-30,152.8852202
2019-10-31,153.41058
2019-11-01,141.0997035
2019-11-02,148.9989077
2019-11-03,141.0621953
2019-11-04,146.4270682
2019-11-05,149.3272854
2019-11-06,150.4544024
2019-11-07,151.4230679
2019-11-08,154.1094409
2019-11-09,150.5353197
2019-11-10,142.9324574
2019-11-11,146.7949724
2019-11-12,149.8408228
2019-11-13,151.0012842
2019-11-14,151.3271716
2019-11-15,150.0412869
2019-11-16,148.6945183
2019-11-17,136.0641207
2019-11-18,147.1930546
2019-11-19,152.5150481
2019-11-20,155.354127
2019-11-21,157.4056573
2019-11-22,157.0303381
2019-11-23,155.6635055
2019-11-24,149.3609495
2019-11-25,154.0943531
2019-11-26,156.4782236
2019-11-27,157.2452824
2019-11-28,158.6759484
2019-11-29,156.3604094
2019-11-30,159.4000843
2019-12-01,150.8052315
2019-12-02,145.8741759
2019-12-03,153.9918848
2019-12-04,159.0641157
2019-12-05,161.4895708
2019-12-06,160.8669619
2019-12-07,158.7553374
2019-12-08,146.1580061
2019-12-09,156.5485716
2019-12-10,161.8247565
2019-12-11,160.7274676
2019-12-12,160.6565084
2019-12-13,164.9686922
2019-12-14,164.8572617
2019-12-15,153.4421445
2019-12-16,155.6201331
2019-12-17,158.4580478
2019-12-18,160.3433464
2019-12-19,155.8117222
2019-12-20,159.0973024
2019-12-21,154.3163265
2019-12-22,148.1762207
2019-12-23,160.5839654
2019-12-24,161.1844258
2019-12-25,142.1173347
2019-12-26,159.0955188
2019-12-27,166.119989
2019-12-28,163.0432922
2019-12-29,150.3240886
2019-12-30,161.4340634
2019-12-31,166.9548963
